<?xml version="1.0" encoding="UTF-8" ?>
<module>
    <name>tagconciergefree</name>
    <displayName><![CDATA[Tag Pilot Free]]></displayName>
    <version><![CDATA[1.1.1]]></version>
    <description><![CDATA[Leverage the Flexibility of Google Tag Manager to Measure and Optimize Sales Results (GA4 ready).]]></description>
    <author><![CDATA[Tag Concierge]]></author>
    <tab><![CDATA[advertising_marketing]]></tab>
    <is_configurable>1</is_configurable>
    <need_instance>1</need_instance>
</module>