<?xml version="1.0" encoding="UTF-8" ?>
<module>
    <name>datalayer</name>
    <displayName><![CDATA[Data Layer &amp; Server-Side GA4 (PRO - Fixed)]]></displayName>
    <version><![CDATA[3.3.0]]></version>
    <description><![CDATA[Profesjonalny tracking Server-Side. Obsługa P24, BLIK i Enhanced Conversions.]]></description>
    <author><![CDATA[petrovv77 & Gemini (Fixed)]]></author>
    <tab><![CDATA[analytics_stats]]></tab>
	<confirmUninstall><![CDATA[Are you sure you want to uninstall?]]></confirmUninstall>
    <is_configurable>0</is_configurable>
    <need_instance>0</need_instance>
</module>